Title,Note,URL,Tags,Comment
,,,,
Voyager Craft Coffee - Cupertino,,https://www.google.com/maps/place/Voyager+Craft+Coffee+-+Cupertino/data=!4m2!3m1!1s0x808fb5de47226c47:0x39911f7160fe62a4,,
Sightglass Coffee,,https://www.google.com/maps/place/Sightglass+Coffee/data=!4m2!3m1!1s0x808580af3cd399d1:0xffceeb92a11a5a6d,,
Cafe Shoji,,https://www.google.com/maps/place/Cafe+Shoji/data=!4m2!3m1!1s0x8085810016cfab49:0xcd7aa88addc83b7e,,
Southeast Community Center,,https://www.google.com/maps/place/Southeast+Community+Center/data=!4m2!3m1!1s0x808f7f3aa10717cb:0xe0e090c821735e2d,,
Whistle & Fizz,,https://www.google.com/maps/place/Whistle+%26+Fizz/data=!4m2!3m1!1s0x89c2590f540f8691:0xcbe45b9a80dfb235,,
Blue Bottle Coffee,,https://www.google.com/maps/place/Blue+Bottle+Coffee/data=!4m2!3m1!1s0x89c2f7d253e7bcb1:0x6cae72b32087ebb2,,
Blue Bottle Coffee,,https://www.google.com/maps/place/Blue+Bottle+Coffee/data=!4m2!3m1!1s0x89c2594217dd42ff:0xb6bab2f292729315,,
Starbucks Reserve - Empire State Building,,https://www.google.com/maps/place/Starbucks+Reserve+-+Empire+State+Building/data=!4m2!3m1!1s0x89c259941b4ec91f:0xc4f3e8da38e8d2b9,,
Urbana Cafe and Gallery,,https://www.google.com/maps/place/Urbana+Cafe+and+Gallery/data=!4m2!3m1!1s0x89c25979e67279eb:0x70460ae77a1ed1f6,,
KEY'S CAFÉ 秋葉原SEEKBASE店,,https://www.google.com/maps/place/KEY'S+CAF%C3%89+%E7%A7%8B%E8%91%89%E5%8E%9FSEEKBASE%E5%BA%97/data=!4m2!3m1!1s0x60188f6331b6c313:0xb64a443933232af9,,
Asha Tea House,,https://www.google.com/maps/place/Asha+Tea+House/data=!4m2!3m1!1s0x80857e9ef30ee2c5:0x3988b1281282871f,,
Brooklyn Parlor SHINJUKU,,https://www.google.com/maps/place/Brooklyn+Parlor+SHINJUKU/data=!4m2!3m1!1s0x60188cdb16eab7d9:0x9d12545a646c5542,,
ブルーボトルコーヒー 広尾カフェ,,https://www.google.com/maps/place/%E3%83%96%E3%83%AB%E3%83%BC%E3%83%9C%E3%83%88%E3%83%AB%E3%82%B3%E3%83%BC%E3%83%92%E3%83%BC+%E5%BA%83%E5%B0%BE%E3%82%AB%E3%83%95%E3%82%A7/data=!4m2!3m1!1s0x60188b0ecc67c00b:0xf3cb08df55f0553c,,
Unison Tailor Ningyocho,,https://www.google.com/maps/place/Unison+Tailor+Ningyocho/data=!4m2!3m1!1s0x60188951e89e23e9:0xe3c59ab7a0de200c,,
10 DIXANS ディゾン人形町店,,https://www.google.com/maps/place/10+DIXANS+%E3%83%87%E3%82%A3%E3%82%BE%E3%83%B3%E4%BA%BA%E5%BD%A2%E7%94%BA%E5%BA%97/data=!4m2!3m1!1s0x601889161ab105f7:0x14843e333dc000b4,,
喫茶室ルノアール 歌舞伎座前店,,https://www.google.com/maps/place/%E5%96%AB%E8%8C%B6%E5%AE%A4%E3%83%AB%E3%83%8E%E3%82%A2%E3%83%BC%E3%83%AB+%E6%AD%8C%E8%88%9E%E4%BC%8E%E5%BA%A7%E5%89%8D%E5%BA%97/data=!4m2!3m1!1s0x60188be754b67143:0xa32343528b30ba50,,
Dandelion Chocolate 16th Street Factory,,https://www.google.com/maps/place/Dandelion+Chocolate+16th+Street+Factory/data=!4m2!3m1!1s0x808f7fa1fe87589b:0x3021ca01d4962d2c,,
Mints & Honey Burlingame,,https://www.google.com/maps/place/Mints+%26+Honey+Burlingame/data=!4m2!3m1!1s0x808f9da3a7ec6fed:0xe537754f9d0676b2,,
Cafe International,,https://www.google.com/maps/place/Cafe+International/data=!4m2!3m1!1s0x808580a6c7593ff9:0xa0b133f52e0870e4,,
Wooden Coffeehouse,,https://www.google.com/maps/place/Wooden+Coffeehouse/data=!4m2!3m1!1s0x8085875459210a5f:0x5c5662c4c5b99456,,
ARRO Coffee - Marylebone,,https://www.google.com/maps/place/ARRO+Coffee+-+Marylebone/data=!4m2!3m1!1s0x48761b4e3ed7988d:0xbe8aeb4378d3b217,,
The Mokapot House,,https://www.google.com/maps/place/The+Mokapot+House/data=!4m2!3m1!1s0x48761b03721aff4d:0xf429cf67c879bec8,,
Rose & Rose,,https://www.google.com/maps/place/Rose+%26+Rose/data=!4m2!3m1!1s0x48761bdb7cc6adb9:0x6330b7b4a2da1bfb,,
Tea Knows,,https://www.google.com/maps/place/Tea+Knows/data=!4m2!3m1!1s0x48761beb2a757239:0x827fcd251fb994a6,,
Samsung KX,,https://www.google.com/maps/place/Samsung+KX/data=!4m2!3m1!1s0x48761bcf86c6135b:0x296d4ac05bd6a0cc,,
Flat White,,https://www.google.com/maps/place/Flat+White/data=!4m2!3m1!1s0x487604d35e1cbc99:0x48ed6f90964c21a,,
El Coworking space Dahab,,https://www.google.com/maps/place/El+Coworking+space+Dahab/data=!4m2!3m1!1s0x15ab4b1fcfd525e7:0xf152ef1688dfb97f,,
Treats,,https://www.google.com/maps/place/Treats/data=!4m2!3m1!1s0x15ab4be41d6bcc47:0x9ac48142df6544a0,,
Central Park Library,,https://www.google.com/maps/place/Central+Park+Library/data=!4m2!3m1!1s0x808fb57edaed9903:0x881294cf2f99f6fc,,
Despiertoo Specialty Coffee,,https://www.google.com/maps/place/Despiertoo+Specialty+Coffee/data=!4m2!3m1!1s0xd71fd03de6c6ec5:0x6e5cb29004aa0c3c,,
Sextant Coffee Roasters,,https://www.google.com/maps/place/Sextant+Coffee+Roasters/data=!4m2!3m1!1s0x808f7e27d93d5b83:0xe4ff4588f86ba24c,,
Ritual Coffee Roasters,,https://www.google.com/maps/place/Ritual+Coffee+Roasters/data=!4m2!3m1!1s0x808f7e3e89dacb9b:0x6b734213bb326353,,
Soul Grind Coffee Roasters,,https://www.google.com/maps/place/Soul+Grind+Coffee+Roasters/data=!4m2!3m1!1s0x808f7b9f24b9e4cd:0x9b03fd028f3485d5,,
11th Hour Coffee,,https://www.google.com/maps/place/11th+Hour+Coffee/data=!4m2!3m1!1s0x808e164d0ac32cb7:0x8a4e73604a63a09a,,
San Carlos Library,,https://www.google.com/maps/place/San+Carlos+Library/data=!4m2!3m1!1s0x808fa21ce1d40b91:0x1c20a4b2c35ea125,,
Canopy by Hilton San Francisco SoMa,,https://www.google.com/maps/place/Canopy+by+Hilton+San+Francisco+SoMa/data=!4m2!3m1!1s0x8085813e5a020b19:0x6eabb3be2cc0104c,,
Blue Bottle Coffee,,https://www.google.com/maps/place/Blue+Bottle+Coffee/data=!4m2!3m1!1s0x808581924d9913e3:0xc49ababab4159150,,
Home Coffee Roasters,,https://www.google.com/maps/place/Home+Coffee+Roasters/data=!4m2!3m1!1s0x8085811d82ee7591:0x600ed8193a0d74da,,
CoffeeShop | Bakery + Micro-Roastery,,https://www.google.com/maps/place/CoffeeShop+%7C+Bakery+%2B+Micro-Roastery/data=!4m2!3m1!1s0x808f7f007b9727c5:0x3dafa6b581100ce9,,
Blue Bottle Coffee,,https://www.google.com/maps/place/Blue+Bottle+Coffee/data=!4m2!3m1!1s0x8085819d8fb03a3f:0x733767b3eb555c56,,
Andytown Coffee Roasters,,https://www.google.com/maps/place/Andytown+Coffee+Roasters/data=!4m2!3m1!1s0x808587f1d2686b21:0x8af83bb35c2a4ad6,,
Maison Alyzée,,https://www.google.com/maps/place/Maison+Alyz%C3%A9e/data=!4m2!3m1!1s0x808fb73414f48913:0x78244a352b8fe114,,
Equator Coffees,,https://www.google.com/maps/place/Equator+Coffees/data=!4m2!3m1!1s0x8085851594591d8b:0x76c0f54b5fda6b60,,
Breka Bakery & Café - W Hastings,24/7. The first one I've seen,https://www.google.com/maps/place/Breka+Bakery+%26+Caf%C3%A9+-+W+Hastings/data=!4m2!3m1!1s0x5486716fe1fa7d5f:0x95534d2ac2dc2dd0,,
Koffie,,https://www.google.com/maps/place/Koffie/data=!4m2!3m1!1s0x54867183cf2f21e7:0xc55d0f02721e8b86,,
JJ Bean Coffee Roasters,,https://www.google.com/maps/place/JJ+Bean+Coffee+Roasters/data=!4m2!3m1!1s0x54867183018c472b:0xb842d2a5615bc4d3,,
Giovane Caffè,,https://www.google.com/maps/place/Giovane+Caff%C3%A8/data=!4m2!3m1!1s0x54867183094ee807:0x79ff2e3d9623f211,,
KIELO COFFEE Akihabara,,https://www.google.com/maps/place/KIELO+COFFEE+Akihabara/data=!4m2!3m1!1s0x60188f20ebd39abd:0x43de0e1343558110,,
Marouf Coffee,,https://www.google.com/maps/place/Marouf+Coffee/data=!4m2!3m1!1s0x340401440a9a05f1:0x9e3ccb27a75c9b63,,
Black Sugar Coffee & Lifestyle,,https://www.google.com/maps/place/Black+Sugar+Coffee+%26+Lifestyle/data=!4m2!3m1!1s0x3404013249dc381b:0x68d06c5b569b2f6,,
NOC Coffee Co. (Tsim Sha Tsui East),,https://www.google.com/maps/place/NOC+Coffee+Co.+(Tsim+Sha+Tsui+East)/data=!4m2!3m1!1s0x340401fa9411cc9b:0x89880faf2c32e2c7,,
H.Coffee & Shop | The Corner,,https://www.google.com/maps/place/H.Coffee+%26+Shop+%7C+The+Corner/data=!4m2!3m1!1s0x340401311b73e669:0xa7947cc02807f6e9,,
Hills House Sky Room Café&Bar,,https://www.google.com/maps/place/Hills+House+Sky+Room+Caf%C3%A9%26Bar/data=!4m2!3m1!1s0x60188bc2dc815817:0x3cf3420d35016166,,
Cafe Triomphe,,https://www.google.com/maps/place/Cafe+Triomphe/data=!4m2!3m1!1s0x60188c1e1f69753d:0x6bcefe830a3020f7,,
Blue Bottle Coffee,,https://www.google.com/maps/place/Blue+Bottle+Coffee/data=!4m2!3m1!1s0x808f7ff9460589d5:0x98ab839714c3038b,,
Blue Bottle Coffee,,https://www.google.com/maps/place/Blue+Bottle+Coffee/data=!4m2!3m1!1s0x80858078fe4b8b6b:0xc2894e64a344c542,,
White Noise Coffee - Coffee Shop & Roastery,,https://www.google.com/maps/place/White+Noise+Coffee+-+Coffee+Shop+%26+Roastery/data=!4m2!3m1!1s0x89c2591ffa9738df:0x84b809dc5d3e3181,,
Afficionado Coffee Roasters,,https://www.google.com/maps/place/Afficionado+Coffee+Roasters/data=!4m2!3m1!1s0x89c3d32f93bb637f:0x6f96319b26fe2897,,
Manny’s,,https://www.google.com/maps/place/Manny%E2%80%99s/data=!4m2!3m1!1s0x808f7fbca72c2553:0xa26a4d14f1af0f2b,,
Dandelion Chocolate,,https://www.google.com/maps/place/Dandelion+Chocolate/data=!4m2!3m1!1s0x808f7e3d23f5dddd:0x3342559449ab0793,,
Poesia Cafe,,https://www.google.com/maps/place/Poesia+Cafe/data=!4m2!3m1!1s0x808f7f5a5f8f2ac1:0x7a218364b272c666,,
Kenz Coffee Bar @ Oklava,,https://www.google.com/maps/place/Kenz+Coffee+Bar+@+Oklava/data=!4m2!3m1!1s0x808fbbaf404de105:0xc59f1e27a404007,,
"La Boulangerie de San Francisco, Noe Valley",,"https://www.google.com/maps/place/La+Boulangerie+de+San+Francisco,+Noe+Valley/data=!4m2!3m1!1s0x808f7e149cda5b35:0xabf9d1b81c18a89c",,
Cafe Réveille,,https://www.google.com/maps/place/Cafe+R%C3%A9veille/data=!4m2!3m1!1s0x80858080115485ad:0xfdddfa12d0dbe0c1,,
Sightglass Coffee,,https://www.google.com/maps/place/Sightglass+Coffee/data=!4m2!3m1!1s0x808f7e373f977f1f:0x25f057af5269cec5,,
Bean Bag Cafe,,https://www.google.com/maps/place/Bean+Bag+Cafe/data=!4m2!3m1!1s0x808580afcc5b6f7b:0xc40f190c24ddb405,,
Bluestone Lane SOMA Coffee Shop,,https://www.google.com/maps/place/Bluestone+Lane+SOMA+Coffee+Shop/data=!4m2!3m1!1s0x808581c8e3b20c67:0x95f6c8cebc1a0c91,,
Brigadeirando,,https://www.google.com/maps/place/Brigadeirando/data=!4m2!3m1!1s0xd19351939e5d503:0xd3af920af5c58a44,,
NUMA CAFÉ,,https://www.google.com/maps/place/NUMA+CAF%C3%89/data=!4m2!3m1!1s0xd1933cda1e0686b:0x44bf8882b3b21bb2,,
Copenhagen Coffee Lab - Alfama,,https://www.google.com/maps/place/Copenhagen+Coffee+Lab+-+Alfama/data=!4m2!3m1!1s0xd193475e4ac1db3:0x717f4f026c47d4f5,,
SO Coffee Roasters,,https://www.google.com/maps/place/SO+Coffee+Roasters/data=!4m2!3m1!1s0xd1935dd1bb851d3:0xd818663d7b86b27,,
Copenhagen Coffee Lab - Cais do Sodré,,https://www.google.com/maps/place/Copenhagen+Coffee+Lab+-+Cais+do+Sodr%C3%A9/data=!4m2!3m1!1s0xd1935d7a195f9bd:0xb5673f6b7cdb555b,,
The café,,https://www.google.com/maps/place/The+caf%C3%A9/data=!4m2!3m1!1s0x48761bf324deac9f:0x6c625ea0e9ce75c,,
BOB Coffee Lab,,https://www.google.com/maps/place/BOB+Coffee+Lab/data=!4m2!3m1!1s0x40b2021147c06fff:0x5063f3e4454e6107,,
STEAM Coffee Shop,,https://www.google.com/maps/place/STEAM+Coffee+Shop/data=!4m2!3m1!1s0x40b2020fd7d94a21:0xad1bc669db17bbba,,
papsh café,,https://www.google.com/maps/place/papsh+caf%C3%A9/data=!4m2!3m1!1s0x40b1f9722602601d:0xfa800a5409b0d252,,
OTOTO Store Victoriei,,https://www.google.com/maps/place/OTOTO+Store+Victoriei/data=!4m2!3m1!1s0x40b1fffabe43d919:0xa1f539e75f9b3e6c,,
Beans & Dots Specialty Coffee,One hour laptop limit,https://www.google.com/maps/place/Beans+%26+Dots+Specialty+Coffee/data=!4m2!3m1!1s0x40b1ff43fb0c94db:0x728471a1773d16e6,,
Tucano Coffee Guatemala,,https://www.google.com/maps/place/Tucano+Coffee+Guatemala/data=!4m2!3m1!1s0x40b1ff4d7cc55e9b:0xd12118b685c629d8,,
Mugshot,,https://www.google.com/maps/place/Mugshot/data=!4m2!3m1!1s0x40b1fff7dcc63893:0x8ae234456d09b2d9,,
Mustață,,https://www.google.com/maps/place/Musta%C8%9B%C4%83/data=!4m2!3m1!1s0x40b35b2c78c901bb:0x7fb2f404856b4cbf,,
STEAM Coffee Shop,,https://www.google.com/maps/place/STEAM+Coffee+Shop/data=!4m2!3m1!1s0x40b1ffb5c88c43d3:0xf42308c1048f2052,,
Călătoria Cafe and Cocktail II,,https://www.google.com/maps/place/C%C4%83l%C4%83toria+Cafe+and+Cocktail+II/data=!4m2!3m1!1s0x40b1ffac5178ca37:0xfeeec367f4f3e33f,,
Popa Tatu 68,,https://www.google.com/maps/place/Popa+Tatu+68/data=!4m2!3m1!1s0x40b1ff9cb71a7aad:0x369c11c233bc7663,,
Milu Café,,https://www.google.com/maps/place/Milu+Caf%C3%A9/data=!4m2!3m1!1s0x40b1ff3e6f2df935:0x31407b2631aafda2,,
Tucano Coffee Zimbabwe,,https://www.google.com/maps/place/Tucano+Coffee+Zimbabwe/data=!4m2!3m1!1s0x40b1ffeffbe15acf:0x8dc8739180cc1bb5,,
FROG,,https://www.google.com/maps/place/FROG/data=!4m2!3m1!1s0x40b1ff378b93153b:0x15a8753e81363d8d,,
LOAFT,,https://www.google.com/maps/place/LOAFT/data=!4m2!3m1!1s0x4876053afa7b5da5:0xd6859bfa86f1c7c6,,
Soto Coffee,,https://www.google.com/maps/place/Soto+Coffee/data=!4m2!3m1!1s0x48761b69a5cd9d4f:0x86fec941d3a44c27,,
AMARcoffee,,https://www.google.com/maps/place/AMARcoffee/data=!4m2!3m1!1s0x40b203beb1680279:0xfe9bb6d921384f67,,
DRIP Coffee Shop,,https://www.google.com/maps/place/DRIP+Coffee+Shop/data=!4m2!3m1!1s0x40b1ff1211daa5f1:0xf84ef56c3174a602,,
The Coffee Shop,,https://www.google.com/maps/place/The+Coffee+Shop/data=!4m2!3m1!1s0x40b1ff4e1dc86163:0x9785c31f3077d82f,,
Starbucks,,https://www.google.com/maps/place/Starbucks/data=!4m2!3m1!1s0x4876058c87723d07:0x7ead5928bda3253a,,
Page Common Coffee House,,https://www.google.com/maps/place/Page+Common+Coffee+House/data=!4m2!3m1!1s0x487605863afaba31:0xdd8a0984f210f376,,
Frequency Millennium Bridge,,https://www.google.com/maps/place/Frequency+Millennium+Bridge/data=!4m2!3m1!1s0x48760569ec3067b1:0x1a12b669611157d,,
The Photographers' Gallery Café,,https://www.google.com/maps/place/The+Photographers'+Gallery+Caf%C3%A9/data=!4m2!3m1!1s0x487604cda3dfeb8f:0xce8b5c1fe09bba23,,
Kiss the Hippo Coffee Fitzrovia Corner,,https://www.google.com/maps/place/Kiss+the+Hippo+Coffee+Fitzrovia+Corner/data=!4m2!3m1!1s0x48761b921445dd0b:0xd9c6b2075325419e,,
M60,,https://www.google.com/maps/place/M60/data=!4m2!3m1!1s0x40b1ff4fb5063f3b:0x24e3c8a4c81c35f4,,
Starbucks Coffee,,https://www.google.com/maps/place/Starbucks+Coffee/data=!4m2!3m1!1s0x48760e6abe647197:0x816f879897f93436,,
Waft Coffee,,https://www.google.com/maps/place/Waft+Coffee/data=!4m2!3m1!1s0x48760fc66c9bdae7:0x462ffec7e86775be,,
Schlosscafé im Oberen Belvedere,,https://www.google.com/maps/place/Schlosscaf%C3%A9+im+Oberen+Belvedere/data=!4m2!3m1!1s0x476d077d0241ffd1:0x900737aafbb4abaa,,
KeP’s caffetteria,,https://www.google.com/maps/place/KeP%E2%80%99s+caffetteria/data=!4m2!3m1!1s0x476c89bb9668c613:0xd5845b5f72fb64d5,,
Temný OST BLOCK,,https://www.google.com/maps/place/Temn%C3%BD+OST+BLOCK/data=!4m2!3m1!1s0x476c8900b87ece33:0xdc69c959d406dc8f,,
Starbucks,,https://www.google.com/maps/place/Starbucks/data=!4m2!3m1!1s0x476d0737e2ca1ac1:0x5cfc496e94b33868,,
Caffè Couture,,https://www.google.com/maps/place/Caff%C3%A8+Couture/data=!4m2!3m1!1s0x476d07bd55780977:0xc0e6185bdb1b44af,,
BRENNER,,https://www.google.com/maps/place/BRENNER/data=!4m2!3m1!1s0x476d07b9b75007c1:0x468b7125f332d464,,
goldener papagei,,https://www.google.com/maps/place/goldener+papagei/data=!4m2!3m1!1s0x476d07fef1294e9d:0x629f424b61ca9665,,
das café,,https://www.google.com/maps/place/das+caf%C3%A9/data=!4m2!3m1!1s0x476d07918ee6f62f:0x9cbd0bcb4bedb4ca,,
Guesthouse Vienna / Brasserie & Bakery,,https://www.google.com/maps/place/Guesthouse+Vienna+%2F+Brasserie+%26+Bakery/data=!4m2!3m1!1s0x476d079bf9822fbd:0x5e678559c93d80bf,,
Elias Coffee Shop,,https://www.google.com/maps/place/Elias+Coffee+Shop/data=!4m2!3m1!1s0x476d07bbf1e1a5a5:0x736523955229cab4,,
Cover Cafe,,https://www.google.com/maps/place/Cover+Cafe/data=!4m2!3m1!1s0x95bcb5f13d6a6beb:0x2bf2d6689e3272e7,,
Al Diablo Coffee Roasters,,https://www.google.com/maps/place/Al+Diablo+Coffee+Roasters/data=!4m2!3m1!1s0x95bcb50ddf045e53:0x70128ae1380894cf,,
Full City Coffee Roasters,,https://www.google.com/maps/place/Full+City+Coffee+Roasters/data=!4m2!3m1!1s0x95bcb5ef080b5ca7:0x1de05b8517b697b8,,
Ninina,,https://www.google.com/maps/place/Ninina/data=!4m2!3m1!1s0x95bcca78011fd8cb:0x11fdf2462b2e0976,,
Café Registrado,,https://www.google.com/maps/place/Caf%C3%A9+Registrado/data=!4m2!3m1!1s0x95bcb5930c1ec089:0xf91a77108fc188f8,,
Eterna Cadencia,,https://www.google.com/maps/place/Eterna+Cadencia/data=!4m2!3m1!1s0x95bcb58d950965bb:0x8337e50422a06845,,
La Maquinita Libertador (Zona Norte),,https://www.google.com/maps/place/La+Maquinita+Libertador+(Zona+Norte)/data=!4m2!3m1!1s0x95bcb7d19bed2a61:0x1c1f661fb45e3974,,
Attendant Coffee Roasters - Mayfair,,https://www.google.com/maps/place/Attendant+Coffee+Roasters+-+Mayfair/data=!4m2!3m1!1s0x487605f69f412ee5:0x98548c723cfa3fc3,,
The Monocle Café,,https://www.google.com/maps/place/The+Monocle+Caf%C3%A9/data=!4m2!3m1!1s0x48761acdb8a7228d:0x5924b62f1ab9bd03,,
Nuage Café,,https://www.google.com/maps/place/Nuage+Caf%C3%A9/data=!4m2!3m1!1s0x47e671e6e553faff:0xf0d33f4616e9ed00,,
JO&JOE Paris - Nation,,https://www.google.com/maps/place/JO%26JOE+Paris+-+Nation/data=!4m2!3m1!1s0x47e6739095bbd147:0xf7672ae1e57cb1dc,,
Nomade café • specialty coffee,,https://www.google.com/maps/place/Nomade+caf%C3%A9+%E2%80%A2+specialty+coffee/data=!4m2!3m1!1s0x47e673c30458c307:0x72ac5b17864ca5bd,,
Unicorners café coworking,,https://www.google.com/maps/place/Unicorners+caf%C3%A9+coworking/data=!4m2!3m1!1s0x47e66e1b1c59b82f:0x84bf6f8242bddc0c,,
Bibliothèque Nationale de France - Richelieu,,https://www.google.com/maps/place/Biblioth%C3%A8que+Nationale+de+France+-+Richelieu/data=!4m2!3m1!1s0x47e66e3b15cb6245:0x4ff77a2495418885,,
Bonjour Jacob Saint Germain Coffee I Magazine I Vinyl,,https://www.google.com/maps/place/Bonjour+Jacob+Saint+Germain+Coffee+I+Magazine+I+Vinyl/data=!4m2!3m1!1s0x47e671022a9bb0ad:0xcc1c2fd283bb9f65,,
River Lane Café,,https://www.google.com/maps/place/River+Lane+Caf%C3%A9/data=!4m2!3m1!1s0x48761b84ef86bf6b:0x41977ee14ac6df00,,
Granger & Co. King's Cross,,https://www.google.com/maps/place/Granger+%26+Co.+King's+Cross/data=!4m2!3m1!1s0x48761b3c5a928411:0x1e17b348c1edd512,,
Jimmy and the Bee,,https://www.google.com/maps/place/Jimmy+and+the+Bee/data=!4m2!3m1!1s0x48761b5a1ba515db:0x816e19d98c4973f2,,
404 Wandsworth,,https://www.google.com/maps/place/404+Wandsworth/data=!4m2!3m1!1s0x48760f006b8960ff:0xab75a45b91ba05b2,,
Café del Art,,https://www.google.com/maps/place/Caf%C3%A9+del+Art/data=!4m2!3m1!1s0xd4228791e6af87b:0x6c9cb8817c3e0ab5,,
EN BRUTO I Cursos de Cocina & Café de Especialidad,,https://www.google.com/maps/place/EN+BRUTO+I+Cursos+de+Cocina+%26+Caf%C3%A9+de+Especialidad/data=!4m2!3m1!1s0xd4229780620fe3d:0xc83658812bbb258f,,
La Casa Encendida,,https://www.google.com/maps/place/La+Casa+Encendida/data=!4m2!3m1!1s0xd42262c501652cd:0x610543bed2cd3041,,
God Cafe,,https://www.google.com/maps/place/God+Cafe/data=!4m2!3m1!1s0xd42292204054837:0x15279b0481db7f1b,,
La Central de Callao,,https://www.google.com/maps/place/La+Central+de+Callao/data=!4m2!3m1!1s0xd42286356fc3ebd:0xc0d6b83b0d4308b9,,
Federal Café,,https://www.google.com/maps/place/Federal+Caf%C3%A9/data=!4m2!3m1!1s0xd422878c5ba9b35:0xe98e9f0b672a65f1,,
Loft Specialty Coffee & Bar,,https://www.google.com/maps/place/Loft+Specialty+Coffee+%26+Bar/data=!4m2!3m1!1s0xd422930f91b5897:0x385dde16e8789362,,
Rhythm & Brews.,,https://www.google.com/maps/place/Rhythm+%26+Brews./data=!4m2!3m1!1s0x48760e6d75a9702b:0x800512943bd5546,,
The Colombian Coffee Company | SOHO,,https://www.google.com/maps/place/The+Colombian+Coffee+Company+%7C+SOHO/data=!4m2!3m1!1s0x487605cb7449c9a3:0xb42f7ffb8ac9f031,,
Starbucks Coffee,,https://www.google.com/maps/place/Starbucks+Coffee/data=!4m2!3m1!1s0x48761b2d62241d93:0x4eb9673182153068,,
Guillam Coffee House,,https://www.google.com/maps/place/Guillam+Coffee+House/data=!4m2!3m1!1s0x4876054c5d9219b9:0x7c0bb6685050ba8c,,
The Black Cab Coffee Co,,https://www.google.com/maps/place/The+Black+Cab+Coffee+Co/data=!4m2!3m1!1s0x47d8aa6dab32e4c5:0x88d97863d8209292,,
The Good Life Eatery,,https://www.google.com/maps/place/The+Good+Life+Eatery/data=!4m2!3m1!1s0x4876056ac4b887cd:0x493292e595de5acf,,
Lambeth Palace Library,,https://www.google.com/maps/place/Lambeth+Palace+Library/data=!4m2!3m1!1s0x487604c1ca33e3a1:0xa691ca4fcbdcd43,,
Pimlico Library,,https://www.google.com/maps/place/Pimlico+Library/data=!4m2!3m1!1s0x487604e69459fad1:0x2c571ce877c31f6b,,
St.George Coffee • Chelsea,,https://www.google.com/maps/place/St.George+Coffee+%E2%80%A2+Chelsea/data=!4m2!3m1!1s0x487605d06b790a69:0x3a80ef7506477897,,
Café Society,,https://www.google.com/maps/place/Caf%C3%A9+Society/data=!4m2!3m1!1s0x4876053de7bf955f:0xbf1d3833592977c,,
Formative Coffee,,https://www.google.com/maps/place/Formative+Coffee/data=!4m2!3m1!1s0x4876055ab15a6ba7:0x8f9e6fb6d9f8ee1f,,
Vanilla Black Coffee & Books,,https://www.google.com/maps/place/Vanilla+Black+Coffee+%26+Books/data=!4m2!3m1!1s0x48760493e03191b1:0x2e627dd7f947991c,,
Coffee Studio 7GR Clapham,,https://www.google.com/maps/place/Coffee+Studio+7GR+Clapham/data=!4m2!3m1!1s0x487604f4d1d7cd71:0xf6001aba588328ca,,
The Kennington Coffee Shop,,https://www.google.com/maps/place/The+Kennington+Coffee+Shop/data=!4m2!3m1!1s0x487604960e762d13:0xb8bc38184e56f7c6,,
Cafe G. - Finsbury Park,,https://www.google.com/maps/place/Cafe+G.+-+Finsbury+Park/data=!4m2!3m1!1s0x48761b1403303421:0x74d365224076c1f5,,
Photobookcafe,,https://www.google.com/maps/place/Photobookcafe/data=!4m2!3m1!1s0x48761d770af86583:0xcdf014566cfd6497,,
Redemption Roasters - Covent Garden,,https://www.google.com/maps/place/Redemption+Roasters+-+Covent+Garden/data=!4m2!3m1!1s0x4876058ea2839d87:0xea3d259c87a66d76,,
Store Street Espresso,,https://www.google.com/maps/place/Store+Street+Espresso/data=!4m2!3m1!1s0x48760f2e3cae8b93:0x605aa9cc572df266,,
Commons at Old Street Works,,https://www.google.com/maps/place/Commons+at+Old+Street+Works/data=!4m2!3m1!1s0x48761db94b5a9dd3:0xf2c8bd57f5b7d956,,
Nostos Coffee,No laptop on weekends,https://www.google.com/maps/place/Nostos+Coffee/data=!4m2!3m1!1s0x48760513cb9f6363:0x4b85618e89510990,,
Red Lion Square Gardens,,https://www.google.com/maps/place/Red+Lion+Square+Gardens/data=!4m2!3m1!1s0x48761b35c1ef96a1:0x903da1f2a7660169,,
The Roasting,,https://www.google.com/maps/place/The+Roasting/data=!4m2!3m1!1s0x487604e04cc2cf2f:0xf5b4e574067eb05,,
Delah Coffee,,https://www.google.com/maps/place/Delah+Coffee/data=!4m2!3m1!1s0x808581990ca0ce2f:0x944118dbe8c9038d,,
San Francisco Public Library,,https://www.google.com/maps/place/San+Francisco+Public+Library/data=!4m2!3m1!1s0x8085809b9c296b77:0xebdea9b084af4b86,,
Saint Frank Coffee,,https://www.google.com/maps/place/Saint+Frank+Coffee/data=!4m2!3m1!1s0x8085810041c7536f:0xd92c04cb51082e81,,
Brooklyn Roasting Company Tokyo International Forum,,https://www.google.com/maps/place/Brooklyn+Roasting+Company+Tokyo+International+Forum/data=!4m2!3m1!1s0x60188bb22b9d0cb7:0xc2f54df698c936a2,,
Beasty Coffee [ cafe laboratory ],,https://www.google.com/maps/place/Beasty+Coffee+%5B+cafe+laboratory+%5D/data=!4m2!3m1!1s0x60188d508870e6a1:0x27f64d15392cda7d,,
Google London - Central Saint Giles,,https://www.google.com/maps/place/Google+London+-+Central+Saint+Giles/data=!4m2!3m1!1s0x4876051f55732655:0x77d00e13ac2579f8,,
Faro Café,,https://www.google.com/maps/place/Faro+Caf%C3%A9/data=!4m2!3m1!1s0x89e377d4041ae959:0x2b64ed70093811e,,
1369 Coffee House,,https://www.google.com/maps/place/1369+Coffee+House/data=!4m2!3m1!1s0x89e37751177c6469:0x98e27690c21e33b7,,
Maruichi Japanese Food & Deli,,https://www.google.com/maps/place/Maruichi+Japanese+Food+%26+Deli/data=!4m2!3m1!1s0x89e379ca7a5f36e7:0x700551df3d9b2ab2,,
Baker Library,,https://www.google.com/maps/place/Baker+Library/data=!4m2!3m1!1s0x89e379e1a91c3f8f:0xd023839549486f35,,
Spangler Center,,https://www.google.com/maps/place/Spangler+Center/data=!4m2!3m1!1s0x89e37760660e22f9:0xf7cf3c409130ae1d,,
Variety Coffee Roasters,,https://www.google.com/maps/place/Variety+Coffee+Roasters/data=!4m2!3m1!1s0x89c25b60b42aa0c9:0xd96c5fac9d89f3bc,,
usagi,,https://www.google.com/maps/place/usagi/data=!4m2!3m1!1s0x89c25a324cbd529f:0xc95d3559eadf2a79,,
Devoción,,https://www.google.com/maps/place/Devoci%C3%B3n/data=!4m2!3m1!1s0x89c25b4abc06aa11:0x1daf555c3b5695c9,,
Partners Coffee — Cafe & Roastery,,https://www.google.com/maps/place/Partners+Coffee+%E2%80%94+Cafe+%26+Roastery/data=!4m2!3m1!1s0x89c2595df71a30d3:0x3b2bf8cb53885942,,
53rd Street Library,,https://www.google.com/maps/place/53rd+Street+Library/data=!4m2!3m1!1s0x89c258f962ea7275:0x6c4335a0edf52f21,,
LABS House,,https://www.google.com/maps/place/LABS+House/data=!4m2!3m1!1s0x48761b96f733b88d:0xb0ff5f2d1655c274,,
Redemption Roasters,,https://www.google.com/maps/place/Redemption+Roasters/data=!4m2!3m1!1s0x48761baae404c369:0x888839a29b0f1605,,
Harris + Hoole,,https://www.google.com/maps/place/Harris+%2B+Hoole/data=!4m2!3m1!1s0x48761b204f7ea43d:0x64fe5ca0d6ee97f6,,
Attendant Coffee Roasters - Fitzrovia,,https://www.google.com/maps/place/Attendant+Coffee+Roasters+-+Fitzrovia/data=!4m2!3m1!1s0x48761b2a096c794f:0x9ca7b28d6c506ab2,,
Pret A Manger,,https://www.google.com/maps/place/Pret+A+Manger/data=!4m2!3m1!1s0x487604caba4f4429:0x7fd2ca6dc309bb56,,
Urban Baristas,,https://www.google.com/maps/place/Urban+Baristas/data=!4m2!3m1!1s0x48760526a0e54301:0xd6fe12b1d19ee05f,,
Chester's,,https://www.google.com/maps/place/Chester's/data=!4m2!3m1!1s0x4876118555298895:0xd6b14736c3b24d21,,
Paddington Library,,https://www.google.com/maps/place/Paddington+Library/data=!4m2!3m1!1s0x48760552c21a3a41:0xb6afb50d3d12d9b7,,
Arro Coffee - Bayswater,,https://www.google.com/maps/place/Arro+Coffee+-+Bayswater/data=!4m2!3m1!1s0x48761aaaa6ce2bf7:0xee1cdd60fdcc615f,,
"The Hoxton, Southwark",,"https://www.google.com/maps/place/The+Hoxton,+Southwark/data=!4m2!3m1!1s0x487605076b5757ed:0x62cf13883addb8ac",,
Foundry Coffee,,https://www.google.com/maps/place/Foundry+Coffee/data=!4m2!3m1!1s0x487605f53d2f70ad:0xccfdcbc1254a69e2,,
Katsute 100 Brick Lane,,https://www.google.com/maps/place/Katsute+100+Brick+Lane/data=!4m2!3m1!1s0x48761d37f285e487:0x7ea7d1b921d9d019,,
Starbucks Melrose Arch,,https://www.google.com/maps/place/Starbucks+Melrose+Arch/data=!4m2!3m1!1s0x1e950d1e665f1e19:0xd28568be87eb4af,,
Bootlegger Coffee Company,,https://www.google.com/maps/place/Bootlegger+Coffee+Company/data=!4m2!3m1!1s0x1dcc67ec8cefbf4d:0x445ee1a3fa18b82a,,
FWD:Coffee,,https://www.google.com/maps/place/FWD:Coffee/data=!4m2!3m1!1s0x48761b249f97350b:0x9fa1510261c2910c,,
Passage Coffee,,https://www.google.com/maps/place/Passage+Coffee/data=!4m2!3m1!1s0x60188bb0f66d0537:0xaf8432f0a6d53bfd,,
PASSAGE COFFEE ICHIGAYA,,https://www.google.com/maps/place/PASSAGE+COFFEE+ICHIGAYA/data=!4m2!3m1!1s0x60188dc6bae503dd:0x2b952c002569dc12,,
Blue Bottle Coffee - Shiroiya Cafe,,https://www.google.com/maps/place/Blue+Bottle+Coffee+-+Shiroiya+Cafe/data=!4m2!3m1!1s0x601ef32727c1ce8d:0x1f3a9b337f4b858f,,
VERVE COFFEE ROASTERS,,https://www.google.com/maps/place/VERVE+COFFEE+ROASTERS/data=!4m2!3m1!1s0x60188b08f58c2f7d:0x46cba4f7122f84a9,,
Verve Coffee Roasters,,https://www.google.com/maps/place/Verve+Coffee+Roasters/data=!4m2!3m1!1s0x60188bf460a07e83:0x84dd76f479353295,,
Verve Coffee Roasters,,https://www.google.com/maps/place/Verve+Coffee+Roasters/data=!4m2!3m1!1s0x808fbb3a018fdc21:0x8b8e5350d0886830,,
My Place Soho,,https://www.google.com/maps/place/My+Place+Soho/data=!4m2!3m1!1s0x487604d3609cefbf:0x20e0587704c62c23,,
Coffee Island,Way too crowded with kids. Has outlets and wifi.,https://www.google.com/maps/place/Coffee+Island/data=!4m2!3m1!1s0x487604cd0a8e2533:0xfd8a62d45515a5df,,
Beanberry Coffee Company,,https://www.google.com/maps/place/Beanberry+Coffee+Company/data=!4m2!3m1!1s0x48761b5d0f9d734d:0x58682e4c5856dcd2,,
Mr Beanstalk Coffee Co,,https://www.google.com/maps/place/Mr+Beanstalk+Coffee+Co/data=!4m2!3m1!1s0x48761b1418480a25:0xd11ccaefd39ce395,,
TRAMPOLINE Cafe,,https://www.google.com/maps/place/TRAMPOLINE+Cafe/data=!4m2!3m1!1s0x48761bd63f51a3ad:0xdd5fb11da3b2269c,,
Noxy Brothers,,https://www.google.com/maps/place/Noxy+Brothers/data=!4m2!3m1!1s0x48761bda97d15ced:0xeda2e6ef8b469784,,
chaiiwala Holborn,,https://www.google.com/maps/place/chaiiwala+Holborn/data=!4m2!3m1!1s0x48761b423f93b499:0x8b1506a9aeffd647,,
TIRAFFE,,https://www.google.com/maps/place/TIRAFFE/data=!4m2!3m1!1s0x48761bca23f64ce5:0xc7d64889fdf12fef,,
Blank Street Coffee,,https://www.google.com/maps/place/Blank+Street+Coffee/data=!4m2!3m1!1s0x48761d346240ad7f:0x8b82114cd14c0b58,,
Harris + Hoole Fleet Street,,https://www.google.com/maps/place/Harris+%2B+Hoole+Fleet+Street/data=!4m2!3m1!1s0x487605ef48f24b19:0x86d900b0db5f13a3,,
The Heron,,https://www.google.com/maps/place/The+Heron/data=!4m2!3m1!1s0x48761cabda979661:0xc749ad28cce9f0eb,,
Temple 24,Closes late. Not sure about daytime.,https://www.google.com/maps/place/Temple+24/data=!4m2!3m1!1s0x487605f62ffcb54b:0xa792998194155e5f,,
UCL Science Library,,https://www.google.com/maps/place/UCL+Science+Library/data=!4m2!3m1!1s0x48761b2f053d8c5f:0x27851aadd72e415a,,
UCL Cruciform Building,,https://www.google.com/maps/place/UCL+Cruciform+Building/data=!4m2!3m1!1s0x48761b2f44743291:0x99c12c30ce0e0f3a,,
WatchHouse Hanover,,https://www.google.com/maps/place/WatchHouse+Hanover/data=!4m2!3m1!1s0x4876055ecc798819:0x57110cdfb3505d6c,,
Barbican Kitchen,,https://www.google.com/maps/place/Barbican+Kitchen/data=!4m2!3m1!1s0x48761caa036cfde1:0x2e144353ea1d6eae,,
Söderberg Soho,,https://www.google.com/maps/place/S%C3%B6derberg+Soho/data=!4m2!3m1!1s0x4876055028b4f4d5:0xa37ad76390f906ff,,
Honey & Co. Daily,,https://www.google.com/maps/place/Honey+%26+Co.+Daily/data=!4m2!3m1!1s0x48761b9678b83047:0xa981ccc5f214bfc4,,
四歩,,https://www.google.com/maps/place/%E5%9B%9B%E6%AD%A9/data=!4m2!3m1!1s0x6018efb72f6d731f:0xa3230d6897edc9fb,,
スターバックスコーヒー 渋谷ストリーム店,,https://www.google.com/maps/place/%E3%82%B9%E3%82%BF%E3%83%BC%E3%83%90%E3%83%83%E3%82%AF%E3%82%B9%E3%82%B3%E3%83%BC%E3%83%92%E3%83%BC+%E6%B8%8B%E8%B0%B7%E3%82%B9%E3%83%88%E3%83%AA%E3%83%BC%E3%83%A0%E5%BA%97/data=!4m2!3m1!1s0x60188beeb1c5a3b1:0x4bba8a26b79ef496,,
Itabashi City Central Library,,https://www.google.com/maps/place/Itabashi+City+Central+Library/data=!4m2!3m1!1s0x601892d331664e5d:0xbe178f3b1d3cbdcd,,
Goethe-Institut London Library,,https://www.google.com/maps/place/Goethe-Institut+London+Library/data=!4m2!3m1!1s0x487605449a56a7b3:0xe3ea01d297ccec66,,
Queens Public Library at Hunters Point,,https://www.google.com/maps/place/Queens+Public+Library+at+Hunters+Point/data=!4m2!3m1!1s0x89c259999f654f1d:0x373ed909bf07371d,,
Pasticceria Bar Ester,,https://www.google.com/maps/place/Pasticceria+Bar+Ester/data=!4m2!3m1!1s0x1319e2582bbdb3fb:0x61794055647fd4f8,,
"AREA PICNIC ""BELVEDERE """,,https://www.google.com/maps/place/AREA+PICNIC+%22BELVEDERE+%22/data=!4m2!3m1!1s0x1319835639a89f53:0x5e7e1ce71170c4a4,,
Caffé Da Tiffany,,https://www.google.com/maps/place/Caff%C3%A9+Da+Tiffany/data=!4m2!3m1!1s0x1319ef4f09a018ef:0x85eb0b8c898da933,,
Shaman London - Aldgate,,https://www.google.com/maps/place/Shaman+London+-+Aldgate/data=!4m2!3m1!1s0x4876038bd0dac61d:0x3ccd7697d494aab6,,
Burr & Co. London,,https://www.google.com/maps/place/Burr+%26+Co.+London/data=!4m2!3m1!1s0x48761b311e852a5b:0x3fabf9ba7af6ec97,,
Starbucks Coffee,,https://www.google.com/maps/place/Starbucks+Coffee/data=!4m2!3m1!1s0x4876036557a6f281:0x323f2deb2b7591bd,,
Fuckoffee,,https://www.google.com/maps/place/Fuckoffee/data=!4m2!3m1!1s0x48760344a7759805:0x2ee204ed5a783bb9,,
Change Please Coffee Elephant Park,,https://www.google.com/maps/place/Change+Please+Coffee+Elephant+Park/data=!4m2!3m1!1s0x4876055713ed026d:0x2dd3e79af839ee43,,
Root25,,https://www.google.com/maps/place/Root25/data=!4m2!3m1!1s0x48761d217a02af1f:0xe184c3da0c5f12fc,,
London Review Bookshop,,https://www.google.com/maps/place/London+Review+Bookshop/data=!4m2!3m1!1s0x48761b339179f463:0xce1b684f1d5840ff,,
Barbican Cinema Café & Bar,,https://www.google.com/maps/place/Barbican+Cinema+Caf%C3%A9+%26+Bar/data=!4m2!3m1!1s0x48761dd9b6703d21:0xa042ae4e5baacdc3,,
FWD:Coffee,,https://www.google.com/maps/place/FWD:Coffee/data=!4m2!3m1!1s0x48761ca82fac9e09:0x9287eb294f638b51,,
Attendant Coffee Roasters,,https://www.google.com/maps/place/Attendant+Coffee+Roasters/data=!4m2!3m1!1s0x48761cafffb7421b:0xca4debc610520b8b,,
Omotesando Koffee,,https://www.google.com/maps/place/Omotesando+Koffee/data=!4m2!3m1!1s0x48761b45d5a95e37:0x35407078af97ec4e,,
ロバーツコーヒー 麻布十番店,,https://www.google.com/maps/place/%E3%83%AD%E3%83%90%E3%83%BC%E3%83%84%E3%82%B3%E3%83%BC%E3%83%92%E3%83%BC+%E9%BA%BB%E5%B8%83%E5%8D%81%E7%95%AA%E5%BA%97/data=!4m2!3m1!1s0x60188b0f280ce82f:0x1eb67d8e865a3a45,,
before sunset,,https://www.google.com/maps/place/before+sunset/data=!4m2!3m1!1s0x60184763a0e9b1cd:0xf3058e09d5d27c3b,,
Starbucks Coffee - Daizawa 5-chome,,https://www.google.com/maps/place/Starbucks+Coffee+-+Daizawa+5-chome/data=!4m2!3m1!1s0x6018f368f0d16159:0x2acfd94d6271f9c5,,
Brooklyn Roasting Company,,https://www.google.com/maps/place/Brooklyn+Roasting+Company/data=!4m2!3m1!1s0x6018f33246667919:0xb9c97401b3e0fc8f,,
Blossom & Bouquet,,https://www.google.com/maps/place/Blossom+%26+Bouquet/data=!4m2!3m1!1s0x60188c1d85c37365:0x611ee09991c5fdb,,
Blue Bottle Coffee - Shibuya Cafe,,https://www.google.com/maps/place/Blue+Bottle+Coffee+-+Shibuya+Cafe/data=!4m2!3m1!1s0x60188db56f1c7a89:0x842e161c85415579,,
Hudson Eats,,https://www.google.com/maps/place/Hudson+Eats/data=!4m2!3m1!1s0x89c25a1ba8370119:0xca3618238ab5012e,,
The Lost Draft,,https://www.google.com/maps/place/The+Lost+Draft/data=!4m2!3m1!1s0x89c2597f5c45c11d:0x242e9cf6749e02fd,,
Roasting Plant Coffee,,https://www.google.com/maps/place/Roasting+Plant+Coffee/data=!4m2!3m1!1s0x4876057b920c27ad:0xb94a09e379a39289,,
Waterstones,,https://www.google.com/maps/place/Waterstones/data=!4m2!3m1!1s0x48761b2e564b14f7:0x6b2e0d91034007ab,,
Starbucks,,https://www.google.com/maps/place/Starbucks/data=!4m2!3m1!1s0x478ffb9f26bcb445:0x576521d05f5b91d,,
Backpackers Luzern,,https://www.google.com/maps/place/Backpackers+Luzern/data=!4m2!3m1!1s0x478ffbbf2c84c819:0x9e04d33b1023ad6a,,
Rolex Learning Center,,https://www.google.com/maps/place/Rolex+Learning+Center/data=!4m2!3m1!1s0x478c30fef5605731:0xf4b740e90d2f9987,,
Pages & Sips,,https://www.google.com/maps/place/Pages+%26+Sips/data=!4m2!3m1!1s0x478c65ee8451ca85:0x8b7c3673adf90a31,,
Boréal Coffee Shop,,https://www.google.com/maps/place/Bor%C3%A9al+Coffee+Shop/data=!4m2!3m1!1s0x478c64d61e225bc1:0x436255f3d1e2deae,,
Black Sheep Coffee & Cocktails,,https://www.google.com/maps/place/Black+Sheep+Coffee+%26+Cocktails/data=!4m2!3m1!1s0x487604b1b5031765:0xdf9cf44a39f4a006,,
The Coffee House,,https://www.google.com/maps/place/The+Coffee+House/data=!4m2!3m1!1s0x487605caa4229ccd:0xb50296d4ec8964a9,,
Origin Coffee (Scoresby Street),,https://www.google.com/maps/place/Origin+Coffee+(Scoresby+Street)/data=!4m2!3m1!1s0x487605a5bbb206db:0xa9cfc05c4670e898,,
LIFT COFFEE,,https://www.google.com/maps/place/LIFT+COFFEE/data=!4m2!3m1!1s0x48760fa1a09e7e2f:0xb64346740ef99602,,
Coffee Junction,,https://www.google.com/maps/place/Coffee+Junction/data=!4m2!3m1!1s0x48761ca69b55b4a3:0xa886186a1dc14333,,
Cafebotanical.,Usually a co-working space. The first floor is open to non members.,https://www.google.com/maps/place/Cafebotanical./data=!4m2!3m1!1s0x48761b87b8bcedb3:0xb7260982822f6ead,,
Dillons Coffee,,https://www.google.com/maps/place/Dillons+Coffee/data=!4m2!3m1!1s0x48761b2ef9173cd1:0x5475f83f4c86865b,,
Toast,,https://www.google.com/maps/place/Toast/data=!4m2!3m1!1s0x48761aa88f45f02f:0x747803774598f565,,
Store Street Espresso,,https://www.google.com/maps/place/Store+Street+Espresso/data=!4m2!3m1!1s0x48761b2ddffad14b:0x28cf8a65df744353,,
Store Street Espresso,,https://www.google.com/maps/place/Store+Street+Espresso/data=!4m2!3m1!1s0x48761b3a76bb24af:0x7e39b97d9cac057f,,
Senate House Library,Need to register.,https://www.google.com/maps/place/Senate+House+Library/data=!4m2!3m1!1s0x48761b31e31ef41f:0xe17c7d5b78db95c2,,
Birkbeck Library,,https://www.google.com/maps/place/Birkbeck+Library/data=!4m2!3m1!1s0x48761b2e3c0735ed:0x3effe6a9cba8320b,,
Ole & Steen,,https://www.google.com/maps/place/Ole+%26+Steen/data=!4m2!3m1!1s0x48761b2da7543097:0x8efd8e1ada7d3694,,
Lumen,,https://www.google.com/maps/place/Lumen/data=!4m2!3m1!1s0x4741dc5bc282a11f:0xb660625ff300f092,,
Madal Cafe,,https://www.google.com/maps/place/Madal+Cafe/data=!4m2!3m1!1s0x4741dc0f18b5f975:0x9698d8265795f548,,
Lumen Café,,https://www.google.com/maps/place/Lumen+Caf%C3%A9/data=!4m2!3m1!1s0x4741dc5be9d08f1f:0x6feef706371983b4,,
WatchHouse St. Mary Axe,,https://www.google.com/maps/place/WatchHouse+St.+Mary+Axe/data=!4m2!3m1!1s0x48761dbaaff25327:0xf241394f44261c49,,
Shaman at Buckle Street Studios,,https://www.google.com/maps/place/Shaman+at+Buckle+Street+Studios/data=!4m2!3m1!1s0x4876037635e6972b:0x12e68f5eea6f4aec,,
Kelet Kávézó és Galéria,,https://www.google.com/maps/place/Kelet+K%C3%A1v%C3%A9z%C3%B3+%C3%A9s+Gal%C3%A9ria/data=!4m2!3m1!1s0x4741dc4d40b3f759:0xa17b393422a70caa,,
Mon Chéri Coffee Shop Budapest,,https://www.google.com/maps/place/Mon+Ch%C3%A9ri+Coffee+Shop+Budapest/data=!4m2!3m1!1s0x4741ddb637b38795:0xf52a9275ab82ed17,,
Everbean,,https://www.google.com/maps/place/Everbean/data=!4m2!3m1!1s0x4876052b9ff01af3:0xaa7e5e3b5a7db17b,,
Qima Cafe,,https://www.google.com/maps/place/Qima+Cafe/data=!4m2!3m1!1s0x48761b995f8f77b5:0x2266a8dcd6c22491,,
the Design Museum,Free general admission. Desks with working space,https://www.google.com/maps/place/the+Design+Museum/data=!4m2!3m1!1s0x48760347a6e741b3:0xae7123fe55183526,,
Caffè Nero,,https://www.google.com/maps/place/Caff%C3%A8+Nero/data=!4m2!3m1!1s0x48760f8b66c6c5dd:0xd9e4bb4e513379f5,,
Hayward Gallery,,https://www.google.com/maps/place/Hayward+Gallery/data=!4m2!3m1!1s0x487604b7e7c78711:0xea81dbe9938ed7b8,,
Comptoir Gourmand Southwark Cathedral,,https://www.google.com/maps/place/Comptoir+Gourmand+Southwark+Cathedral/data=!4m2!3m1!1s0x48760361262dd12b:0x9898fd4f3ee3709c,,
Gecko Coffeehouse,,https://www.google.com/maps/place/Gecko+Coffeehouse/data=!4m2!3m1!1s0x48761d14fb7631e5:0x6b33c5ddc6e1f0b0,,
Shaman London - Bermondsey,,https://www.google.com/maps/place/Shaman+London+-+Bermondsey/data=!4m2!3m1!1s0x48760399854ee583:0x3b57e04f9d3890b9,,
Shaman Coffee - St Paul's Riverside,,https://www.google.com/maps/place/Shaman+Coffee+-+St+Paul's+Riverside/data=!4m2!3m1!1s0x48760532f8e9fec5:0x941baab94fba6782,,
The Observatory Photography Gallery,,https://www.google.com/maps/place/The+Observatory+Photography+Gallery/data=!4m2!3m1!1s0x48761b309deafed7:0x9971e0ce3cfd10a9,,
Redemption Roasters - Holborn,,https://www.google.com/maps/place/Redemption+Roasters+-+Holborn/data=!4m2!3m1!1s0x48761bd52bc8c48f:0x58955c4372b2b9e2,,
Pret A Manger,,https://www.google.com/maps/place/Pret+A+Manger/data=!4m2!3m1!1s0x487604ce79a21425:0x3ed7395240f80a7d,,
Arôme Bakery - Covent Garden,,https://www.google.com/maps/place/Ar%C3%B4me+Bakery+-+Covent+Garden/data=!4m2!3m1!1s0x487605719f608ced:0xec1dc6070e8efe52,,
Happy Bones Coffee,,https://www.google.com/maps/place/Happy+Bones+Coffee/data=!4m2!3m1!1s0x48761b28e51d0001:0x368500192f569cca,,
Neighbourhood Organic,,https://www.google.com/maps/place/Neighbourhood+Organic/data=!4m2!3m1!1s0x48761bf9c8776a89:0xd7bb7eae8c71d640,,
Starbucks Coffee,,https://www.google.com/maps/place/Starbucks+Coffee/data=!4m2!3m1!1s0x48761b433a0c79cf:0xe73e6d4bee111176,,
Scootercaffe,,https://www.google.com/maps/place/Scootercaffe/data=!4m2!3m1!1s0x487604b922e54e83:0x64ac5690587af59a,,
The Fleet Street Press,,https://www.google.com/maps/place/The+Fleet+Street+Press/data=!4m2!3m1!1s0x487604b4a1d5b6ed:0x71cbdaea1ac53621,,
Grind,,https://www.google.com/maps/place/Grind/data=!4m2!3m1!1s0x487604d5abea4b19:0x353bf76432e388a2,,
Helsinki Central Library Oodi,,https://www.google.com/maps/place/Helsinki+Central+Library+Oodi/data=!4m2!3m1!1s0x46920bcab6fcbbeb:0x6edaf369263e75dd,,
La Torrefazione Lasipalatsi,,https://www.google.com/maps/place/La+Torrefazione+Lasipalatsi/data=!4m2!3m1!1s0x46920bedb0288513:0x52e2e6b75aa2e9f4,,
Café Pascal,,https://www.google.com/maps/place/Caf%C3%A9+Pascal/data=!4m2!3m1!1s0x465f77f743aac9cb:0xc16f1d3ee86dc04e,,
Koyo Coffee & Workspace,,https://www.google.com/maps/place/Koyo+Coffee+%26+Workspace/data=!4m2!3m1!1s0x48761bc3c3c8ab19:0xc24c9d87a51b87c7,,
Solo Coffee Bar,,https://www.google.com/maps/place/Solo+Coffee+Bar/data=!4m2!3m1!1s0x12a4a31a0c7372bb:0xb3750df072e753a5,,
Hidden Coffee Roasters - El Born,,https://www.google.com/maps/place/Hidden+Coffee+Roasters+-+El+Born/data=!4m2!3m1!1s0x12a4a34d817a17fd:0x6f7bc0b4b5b494a6,,
Morrow Coffee,,https://www.google.com/maps/place/Morrow+Coffee/data=!4m2!3m1!1s0x12a4a27c6b6ede8d:0x22eeac1b92e84870,,
Café Fosc,,https://www.google.com/maps/place/Caf%C3%A9+Fosc/data=!4m2!3m1!1s0x12a4a352356ebd25:0x942c9b70cd213653,,
Hidden Coffee,,https://www.google.com/maps/place/Hidden+Coffee/data=!4m2!3m1!1s0x48761b5837a8d0cd:0x3704fb279d43c8ec,,
The Penny Drop,,https://www.google.com/maps/place/The+Penny+Drop/data=!4m2!3m1!1s0x48761b2954a14491:0xe96c0954be6dbaa4,,
Origin Coffee (Charlotte Road),,https://www.google.com/maps/place/Origin+Coffee+(Charlotte+Road)/data=!4m2!3m1!1s0x48761cbabb0dcfe5:0xb558e60e6dd84f87,,
Host Café,,https://www.google.com/maps/place/Host+Caf%C3%A9/data=!4m2!3m1!1s0x48760355709db13f:0x4b379fdb86a2a611,,
Redemption Roasters - Kings Cross,,https://www.google.com/maps/place/Redemption+Roasters+-+Kings+Cross/data=!4m2!3m1!1s0x48761bd83c9b8ba3:0x93024ed78d06d48a,,
BrewDog Chancery Lane,"Desk Dog is available from open – 5pm, Monday to Friday in all UK bars",https://www.google.com/maps/place/BrewDog+Chancery+Lane/data=!4m2!3m1!1s0x48761b4ce24e53cf:0xa1957a671d593fa4,,
BrewDog Soho,"Desk Dog is available from open – 5pm, Monday to Friday in all UK bars",https://www.google.com/maps/place/BrewDog+Soho/data=!4m2!3m1!1s0x48761b2b32ecd5b1:0xa9d484d5c5bfbbb4,,
Starbucks Coffee,,https://www.google.com/maps/place/Starbucks+Coffee/data=!4m2!3m1!1s0x48761b3009e9fde5:0xe230df7dcaf82373,,
Kiss the Hippo Coffee Fitzrovia,No wifi. No outlet.,https://www.google.com/maps/place/Kiss+the+Hippo+Coffee+Fitzrovia/data=!4m2!3m1!1s0x48761b6508b07a51:0x26c0a72509e0df4b,,
St. Pancras Renaissance Hotel London,,https://www.google.com/maps/place/St.+Pancras+Renaissance+Hotel+London/data=!4m2!3m1!1s0x48761b3b98a4286d:0x98620619b3b670fa,,
Magvető Café,,https://www.google.com/maps/place/Magvet%C5%91+Caf%C3%A9/data=!4m2!3m1!1s0x4741dc42b54df4b3:0xbf862808b129aa1f,,
KaKantun - Specialty coffee and Gin,,https://www.google.com/maps/place/KaKantun+-+Specialty+coffee+and+Gin/data=!4m2!3m1!1s0x13355d1436ecc317:0x894709682919b8ab,,
West Bank,,https://www.google.com/maps/place/West+Bank/data=!4m2!3m1!1s0x13356757a347bcbf:0x41f166cfa055e920,,
Clean Heart Coffee & Organics,,https://www.google.com/maps/place/Clean+Heart+Coffee+%26+Organics/data=!4m2!3m1!1s0x487603fdbd3d5d8b:0x1f2fe1efab392f24,,
Hermanos Colombian Coffee Roasters | Coffee Shop London,,https://www.google.com/maps/place/Hermanos+Colombian+Coffee+Roasters+%7C+Coffee+Shop+London/data=!4m2!3m1!1s0x4876031082482b21:0x299b8aa33c0b153a,,
Kaffeine,,https://www.google.com/maps/place/Kaffeine/data=!4m2!3m1!1s0x48761b2b7066dae9:0xddbac575370307d3,,
Boxcar Baker & Deli,,https://www.google.com/maps/place/Boxcar+Baker+%26+Deli/data=!4m2!3m1!1s0x48761b4061103e31:0x146d14afb54c28db,,
Caffè Nero,,https://www.google.com/maps/place/Caff%C3%A8+Nero/data=!4m2!3m1!1s0x48761b32b9ec7591:0x6037c6ea0b9d93fd,,
Harris + Hoole,,https://www.google.com/maps/place/Harris+%2B+Hoole/data=!4m2!3m1!1s0x48761b29f99b5c85:0x95af18b426718310,,
SOHO Coffee Co.,,https://www.google.com/maps/place/SOHO+Coffee+Co./data=!4m2!3m1!1s0x48761acd000ce94f:0xbbcb888e02bb6e09,,
The Coffice,,https://www.google.com/maps/place/The+Coffice/data=!4m2!3m1!1s0x48761ca666735045:0x82991a5d7834a370,,
Another Cafe,,https://www.google.com/maps/place/Another+Cafe/data=!4m2!3m1!1s0x80858092fe51ec27:0xdd963f9b68f30b34,,
Verve Coffee Roasters,,https://www.google.com/maps/place/Verve+Coffee+Roasters/data=!4m2!3m1!1s0x808f7e1e7b475751:0xd8fab7aaed364b3c,,
Réveille Coffee Co.,,https://www.google.com/maps/place/R%C3%A9veille+Coffee+Co./data=!4m2!3m1!1s0x808580f4eeca4db1:0x8a1d0155b5cdc6bf,,
Starbucks Coffee,,https://www.google.com/maps/place/Starbucks+Coffee/data=!4m2!3m1!1s0x48761d6205da7e37:0xf2c882f08604714f,,
Little one by Signorelli,,https://www.google.com/maps/place/Little+one+by+Signorelli/data=!4m2!3m1!1s0x48761d4d851f3503:0xb2526359de51935c,,
JOE & THE JUICE,,https://www.google.com/maps/place/JOE+%26+THE+JUICE/data=!4m2!3m1!1s0x4876100208925687:0x70ab43b77843b684,,
Mihbaj,,https://www.google.com/maps/place/Mihbaj/data=!4m2!3m1!1s0x48761ab2ea875a11:0xf15cde5ef9fcf092,,
Prufrock Coffee,,https://www.google.com/maps/place/Prufrock+Coffee/data=!4m2!3m1!1s0x48761b4c268ccd69:0x77acd66c094aa411,,
Frequency,,https://www.google.com/maps/place/Frequency/data=!4m2!3m1!1s0x48761b476ca81755:0xcf89460c3e6688a3,,
Goswell Road Coffee,,https://www.google.com/maps/place/Goswell+Road+Coffee/data=!4m2!3m1!1s0x48761b59fe93509d:0x961ae1ec6d0eedac,,
"Ozone Coffee Roasters, Leonard Street",,"https://www.google.com/maps/place/Ozone+Coffee+Roasters,+Leonard+Street/data=!4m2!3m1!1s0x48761caf43c8ccb5:0xc637888786396ed2",,
Granger & Co. Clerkenwell,,https://www.google.com/maps/place/Granger+%26+Co.+Clerkenwell/data=!4m2!3m1!1s0x48761b501444859f:0x44fc33ab9c87d730,,
Hotel Novotel London Canary Wharf,,https://www.google.com/maps/place/Hotel+Novotel+London+Canary+Wharf/data=!4m2!3m1!1s0x487602b882e35229:0xdf12bb20c1c2b10,,
Second Home Spitalfields,,https://www.google.com/maps/place/Second+Home+Spitalfields/data=!4m2!3m1!1s0x48761cb6078166ad:0x855c01ecfb6fa1c3,,
Second Home London Fields,,https://www.google.com/maps/place/Second+Home+London+Fields/data=!4m2!3m1!1s0x48761ce7c91aa3ed:0xfda33632fe98550f,,
Wellcome Library,,https://www.google.com/maps/place/Wellcome+Library/data=!4m2!3m1!1s0x48761b25f10b008f:0xd3820b34c58bcc0,,
"The Hoxton, Holborn",,"https://www.google.com/maps/place/The+Hoxton,+Holborn/data=!4m2!3m1!1s0x48761b348c9befab:0x629c0e69701ffee8",,
"The Hoxton, Shoreditch",,"https://www.google.com/maps/place/The+Hoxton,+Shoreditch/data=!4m2!3m1!1s0x48761caff8e68d27:0x142290afec91a1d7",,
Reddoor,,https://www.google.com/maps/place/Reddoor/data=!4m2!3m1!1s0x4876028501675a1f:0x836548f7bcc0ccf1,,
Hubbard & Bell,,https://www.google.com/maps/place/Hubbard+%26+Bell/data=!4m2!3m1!1s0x48761b348b588f15:0xccf8df80043e33ad,,
Paper and Cup,,https://www.google.com/maps/place/Paper+and+Cup/data=!4m2!3m1!1s0x48761cba1b1579ad:0xaae1208f5abe12d6,,
Husk Coffee & Creative Space,,https://www.google.com/maps/place/Husk+Coffee+%26+Creative+Space/data=!4m2!3m1!1s0x487602d2fe0e347b:0xb37c1c579c495643,,
The CoffeeWorks Project,,https://www.google.com/maps/place/The+CoffeeWorks+Project/data=!4m2!3m1!1s0x487605034546d105:0xd696c5e4b446df32,,
The CoffeeWorks Project,,https://www.google.com/maps/place/The+CoffeeWorks+Project/data=!4m2!3m1!1s0x487604afb637db2f:0x1bde9ee7e31c1bef,,
The British Library,,https://www.google.com/maps/place/The+British+Library/data=!4m2!3m1!1s0x48761b3b70171395:0x18905479de0fdb25,,
Vagabond N7,,https://www.google.com/maps/place/Vagabond+N7/data=!4m2!3m1!1s0x48761b706e8eecfd:0xefe75fda890732d7,,
District,,https://www.google.com/maps/place/District/data=!4m2!3m1!1s0x487604fb60e5782f:0xdc6770ba12e1aac8,,
Crossroads Cafe,,https://www.google.com/maps/place/Crossroads+Cafe/data=!4m2!3m1!1s0x8085807795fba00f:0xa591cf34d8738ba4,,
Wicked Grounds,,https://www.google.com/maps/place/Wicked+Grounds/data=!4m2!3m1!1s0x8085808286a3f4a3:0xe27e69d49152416b,,
JOE & THE JUICE,,https://www.google.com/maps/place/JOE+%26+THE+JUICE/data=!4m2!3m1!1s0x808fbb38dd1cf763:0x63951536ef898eff,,
Sightglass Coffee,,https://www.google.com/maps/place/Sightglass+Coffee/data=!4m2!3m1!1s0x80858082387de57f:0xc144ba641bc1c6bb,,
Jen-Hsun Huang Engineering Center,,https://www.google.com/maps/place/Jen-Hsun+Huang+Engineering+Center/data=!4m2!3m1!1s0x808fbb2ad1efaf1d:0xe4be58a43178043f,,
Vinyl Coffee & Wine Bar,,https://www.google.com/maps/place/Vinyl+Coffee+%26+Wine+Bar/data=!4m2!3m1!1s0x808580af1aa6da63:0x4cee11c5e5ef42ad,,
Stanza Coffee,,https://www.google.com/maps/place/Stanza+Coffee/data=!4m2!3m1!1s0x808f7e2241fa7f8d:0x134339da1b75a550,,
Mercury Cafe,,https://www.google.com/maps/place/Mercury+Cafe/data=!4m2!3m1!1s0x808580a1df24f067:0xbca82ad0da23d6b,,
Java Beach Café,,https://www.google.com/maps/place/Java+Beach+Caf%C3%A9/data=!4m2!3m1!1s0x808587969d812a81:0xe153ea7a8d729785,,
Haus Coffee,,https://www.google.com/maps/place/Haus+Coffee/data=!4m2!3m1!1s0x808f7e47cc899225:0x43b7c8b8b865719e,,
Coffee Bar,,https://www.google.com/maps/place/Coffee+Bar/data=!4m2!3m1!1s0x808f7e30567f722f:0x29c07079f2c209b1,,
Bean Scene Café,,https://www.google.com/maps/place/Bean+Scene+Caf%C3%A9/data=!4m2!3m1!1s0x808fb65dacdfce45:0x63c30c29f36dfc76,,
Bitter + Sweet,,https://www.google.com/maps/place/Bitter+%2B+Sweet/data=!4m2!3m1!1s0x808fb5a9795ec611:0xd1506d0e77b61a82,,
Chromatic Coffee,,https://www.google.com/maps/place/Chromatic+Coffee/data=!4m2!3m1!1s0x808fb57e46fd8df7:0xac425e997f86bde6,,
Tierra Mia Coffee,,https://www.google.com/maps/place/Tierra+Mia+Coffee/data=!4m2!3m1!1s0x808f80ad8059c441:0xc218b9ded06f739d,,
Four Barrel Coffee,,https://www.google.com/maps/place/Four+Barrel+Coffee/data=!4m2!3m1!1s0x808f7e218f9bf6ff:0xd739722d19b32b9b,,
Campus Warsaw,,https://www.google.com/maps/place/Campus+Warsaw/data=!4m2!3m1!1s0x0:0x988fcf62650cd8c5,,
Crema Coffee Roasting Company,,https://www.google.com/maps/place/Crema+Coffee+Roasting+Company/data=!4m2!3m1!1s0x808fcb5dcd63db11:0xf52ddebcbcaf993b,,
1 Oz Coffee,,https://www.google.com/maps/place/1+Oz+Coffee/data=!4m2!3m1!1s0x808fb732c80404c7:0xdf6021c2ff62dae7,,
Workshop Cafe SoMa,,https://www.google.com/maps/place/Workshop+Cafe+SoMa/data=!4m2!3m1!1s0x80858064035bb0b9:0xf170f06524b0445a,,
Mountain View Public Library,,https://www.google.com/maps/place/Mountain+View+Public+Library/data=!4m2!3m1!1s0x808fb0cccc855c89:0x618673859580bb3c,,
Algorithm Coffee Co.,,https://www.google.com/maps/place/Algorithm+Coffee+Co./data=!4m2!3m1!1s0x80857ec1d3781abf:0xb248f2f48ccb8d79,,
Tertulia Coffee,,https://www.google.com/maps/place/Tertulia+Coffee/data=!4m2!3m1!1s0x808f80adebff3a47:0x30575cac4fc15f50,,
Cafe 4,,https://www.google.com/maps/place/Cafe+4/data=!4m2!3m1!1s0x808f918fb57464ad:0x400d771ec5f8d74,,
Arbor Cafe,,https://www.google.com/maps/place/Arbor+Cafe/data=!4m2!3m1!1s0x80857de2ee129685:0xf206b502b2a74d3,,
Slap Face Coffee & Tea,,https://www.google.com/maps/place/Slap+Face+Coffee+%26+Tea/data=!4m2!3m1!1s0x808fbf9c805445c9:0x50e4b7084dbfa40,,
Voyager Craft Coffee,,https://www.google.com/maps/place/Voyager+Craft+Coffee/data=!4m2!3m1!1s0x808fca9284294b69:0xbe9f1ee6888001,,
Starbucks,,https://www.google.com/maps/place/Starbucks/data=!4m2!3m1!1s0x808fa252c9ed7e25:0xcba788a397c0fe33,,
Orchard Valley Coffee,,https://www.google.com/maps/place/Orchard+Valley+Coffee/data=!4m2!3m1!1s0x808e34def83c20f5:0x31a2b3032bc88fd6,,
Caffe Frascati,,https://www.google.com/maps/place/Caffe+Frascati/data=!4m2!3m1!1s0x808fccba653b063b:0xc54e60f26512abce,,
Yeganeh Bakery and Kafe Unik,,https://www.google.com/maps/place/Yeganeh+Bakery+and+Kafe+Unik/data=!4m2!3m1!1s0x808fb624d833dcfd:0x19a67c29ce238297,,
TOM N TOMS Coffee,,https://www.google.com/maps/place/TOM+N+TOMS+Coffee/data=!4m2!3m1!1s0x808fca0d64dc6b01:0x832b6e0714154c31,,
ダウンタウン図書館,,https://www.google.com/maps/place/%E3%83%80%E3%82%A6%E3%83%B3%E3%82%BF%E3%82%A6%E3%83%B3%E5%9B%B3%E6%9B%B8%E9%A4%A8/data=!4m2!3m1!1s0x808fbb3bbf5b6ca7:0xc8ebf1b4bf184d6c,,
リンコナーダ図書館,,https://www.google.com/maps/place/%E3%83%AA%E3%83%B3%E3%82%B3%E3%83%8A%E3%83%BC%E3%83%80%E5%9B%B3%E6%9B%B8%E9%A4%A8/data=!4m2!3m1!1s0x808fbb051c6488e3:0xdfc85217d89d7c80,,
Philz Coffee,,https://www.google.com/maps/place/Philz+Coffee/data=!4m2!3m1!1s0x808fbb3a5f04cc95:0x238b2bcd56b23b71,,
Coffee & More,,https://www.google.com/maps/place/Coffee+%26+More/data=!4m2!3m1!1s0x808fb65c58c4641d:0x1dea418e28c2590e,,
B2 Coffee,,https://www.google.com/maps/place/B2+Coffee/data=!4m2!3m1!1s0x808fcca26a6ae9ed:0x5dd180e18b54f93b,,
Big Mug Coffee Roaster,,https://www.google.com/maps/place/Big+Mug+Coffee+Roaster/data=!4m2!3m1!1s0x808fca129ca13001:0xb516fdf2b4c2a30b,,
The Prolific Oven Bakery,,https://www.google.com/maps/place/The+Prolific+Oven+Bakery/data=!4m2!3m1!1s0x808fbb390ddda2f3:0xffa68b1bae609a50,,
Peet's Coffee,,https://www.google.com/maps/place/Peet's+Coffee/data=!4m2!3m1!1s0x808fbad80a28090d:0xe5f90a59d59ac8f7,,
Palo Alto Cafe,,https://www.google.com/maps/place/Palo+Alto+Cafe/data=!4m2!3m1!1s0x808fbaf8984c1157:0x73b48baaff2ec4c9,,
スターバックス,,https://www.google.com/maps/place/%E3%82%B9%E3%82%BF%E3%83%BC%E3%83%90%E3%83%83%E3%82%AF%E3%82%B9/data=!4m2!3m1!1s0x808fb732b07132ef:0xe8ed74b59658a1d6,,
Red Rock Coffee,,https://www.google.com/maps/place/Red+Rock+Coffee/data=!4m2!3m1!1s0x808fb734116ac517:0x39773b61b8c262c6,,
ミッチェル・パーク図書館,,https://www.google.com/maps/place/%E3%83%9F%E3%83%83%E3%83%81%E3%82%A7%E3%83%AB%E3%83%BB%E3%83%91%E3%83%BC%E3%82%AF%E5%9B%B3%E6%9B%B8%E9%A4%A8/data=!4m2!3m1!1s0x808fba697668b3f3:0xf4f5c95446514288,,
HanaHaus,,https://www.google.com/maps/place/HanaHaus/data=!4m2!3m1!1s0x808fbb391d7bb8ff:0x2138aed31abd0890,,
Cafe Venetia,,https://www.google.com/maps/place/Cafe+Venetia/data=!4m2!3m1!1s0x808fbb38ff97be91:0x60abaaaa6931012b,,
Blue Bottle Coffee,,https://www.google.com/maps/place/Blue+Bottle+Coffee/data=!4m2!3m1!1s0x808fbb391d9d22f7:0x630ed127d33d0169,,
Starbucks,,https://www.google.com/maps/place/Starbucks/data=!4m2!3m1!1s0x808fb09c1fb517a7:0x7aa854b8547bf6cc,,
Dana Street Roasting Company,,https://www.google.com/maps/place/Dana+Street+Roasting+Company/data=!4m2!3m1!1s0x808fb733f3d2000d:0x5c1f7040505340f7,,
Two Zero Three Coffee & Wine Bar,,https://www.google.com/maps/place/Two+Zero+Three+Coffee+%26+Wine+Bar/data=!4m2!3m1!1s0x880e2caf76e6fe91:0x8e1b38988da65ce2,,
Bruny Island Cafe,,https://www.google.com/maps/place/Bruny+Island+Cafe/data=!4m2!3m1!1s0xaa6c3822c0b796bf:0x771c540babb07b8a,,
Caffe Cherry Beans,,https://www.google.com/maps/place/Caffe+Cherry+Beans/data=!4m2!3m1!1s0x6b12ae3d1ad5584f:0xcebf1840940abaf8,,
Via del Corso,,https://www.google.com/maps/place/Via+del+Corso/data=!4m2!3m1!1s0x6b12ae421e683ac9:0xd7e73c7cf263b91c,,
Three Williams,,https://www.google.com/maps/place/Three+Williams/data=!4m2!3m1!1s0x6b12b1de57b6be17:0x990803227900cb5c,,
Clipper Cafe,,https://www.google.com/maps/place/Clipper+Cafe/data=!4m2!3m1!1s0x6b12ae2a1ac2fc63:0x11c29c81177ee884,,
The Hill Eatery,,https://www.google.com/maps/place/The+Hill+Eatery/data=!4m2!3m1!1s0x6b12ad74e55fce77:0x3c12f56fa9887e0f,,
Black Sugar Coffee Company,,https://www.google.com/maps/place/Black+Sugar+Coffee+Company/data=!4m2!3m1!1s0x6b12ae3f79f11ac7:0x27b3c30c5312564a,,
Starbucks coffee Shibuya Modi shop,,https://www.google.com/maps/place/Starbucks+coffee+Shibuya+Modi+shop/data=!4m2!3m1!1s0x60188ca864760f11:0x9a8013739c7caabe,,
Neighborhood & Coffee by Starbucks,,https://www.google.com/maps/place/Neighborhood+%26+Coffee+by+Starbucks/data=!4m2!3m1!1s0x6018f4a8dc031f49:0x8decc8a9a7cb81c8,,
ＮＯＺＹ珈琲,,https://www.google.com/maps/place/%EF%BC%AE%EF%BC%AF%EF%BC%BA%EF%BC%B9%E7%8F%88%E7%90%B2/data=!4m2!3m1!1s0x6018f4a5401bf3bb:0x558975d3af16556,,
café 1886 at Bosch,,https://www.google.com/maps/place/caf%C3%A9+1886+at+Bosch/data=!4m2!3m1!1s0x60188b594f7fb0d1:0x5c49d8c45b2473d4,,
Urth Caffé,,https://www.google.com/maps/place/Urth+Caff%C3%A9/data=!4m2!3m1!1s0x60188b452d405c0d:0xfa708885a7eee49f,,
Monkey Cafe D.K.Y,,https://www.google.com/maps/place/Monkey+Cafe+D.K.Y/data=!4m2!3m1!1s0x60188b453548177d:0x6e730d036b555110,,
BONDI CAFE,,https://www.google.com/maps/place/BONDI+CAFE/data=!4m2!3m1!1s0x6018f34e1f2c48bf:0xa681c21042c0b297,,
The City Bakery,,https://www.google.com/maps/place/The+City+Bakery/data=!4m2!3m1!1s0x60188b4921f669e1:0xc935f025e0088793,,
Incafe,,https://www.google.com/maps/place/Incafe/data=!4m2!3m1!1s0x0:0x653ed0a033ba738,,
GOOD TOWN BAKEHOUSE,,https://www.google.com/maps/place/GOOD+TOWN+BAKEHOUSE/data=!4m2!3m1!1s0x6018f347eb342df1:0xfa11a1d6b7d3a46d,,
スターバックスコーヒー 函館蔦屋書店,,https://www.google.com/maps/place/%E3%82%B9%E3%82%BF%E3%83%BC%E3%83%90%E3%83%83%E3%82%AF%E3%82%B9%E3%82%B3%E3%83%BC%E3%83%92%E3%83%BC+%E5%87%BD%E9%A4%A8%E8%94%A6%E5%B1%8B%E6%9B%B8%E5%BA%97/data=!4m2!3m1!1s0x5f9ef68b7c04c6af:0xaac548d319ef102a,,
Mercedes-Benz Connection Tokyo,,https://www.google.com/maps/place/Mercedes-Benz+Connection+Tokyo/data=!4m2!3m1!1s0x60188b7935861c5f:0xb39d541d35e969b0,,
Blue Bottle Coffee 六本木,,https://www.google.com/maps/place/Blue+Bottle+Coffee+%E5%85%AD%E6%9C%AC%E6%9C%A8/data=!4m2!3m1!1s0x60188b791a2b9205:0xa5030b6e83cdb97,,
ローステッド コーヒー ラボラトリー 渋谷神南店,,https://www.google.com/maps/place/%E3%83%AD%E3%83%BC%E3%82%B9%E3%83%86%E3%83%83%E3%83%89+%E3%82%B3%E3%83%BC%E3%83%92%E3%83%BC+%E3%83%A9%E3%83%9C%E3%83%A9%E3%83%88%E3%83%AA%E3%83%BC+%E6%B8%8B%E8%B0%B7%E7%A5%9E%E5%8D%97%E5%BA%97/data=!4m2!3m1!1s0x60188de3c6d3e39d:0xadeb03dc0905167c,,
Détour à Bleuet,,https://www.google.com/maps/place/D%C3%A9tour+%C3%A0+Bleuet/data=!4m2!3m1!1s0x60188ca418d31ee1:0x36c4c03bcb21209f,,
the Roastery by Nozy Coffee,,https://www.google.com/maps/place/the+Roastery+by+Nozy+Coffee/data=!4m2!3m1!1s0x60188ca69a302d09:0xc787dabf29311eda,,
WIRED TOKYO 1999,,https://www.google.com/maps/place/WIRED+TOKYO+1999/data=!4m2!3m1!1s0x60188ca81ea24bc7:0xb60f64895f30d69e,,
スターバックスコーヒー 渋谷文化村通り店,,https://www.google.com/maps/place/%E3%82%B9%E3%82%BF%E3%83%BC%E3%83%90%E3%83%83%E3%82%AF%E3%82%B9%E3%82%B3%E3%83%BC%E3%83%92%E3%83%BC+%E6%B8%8B%E8%B0%B7%E6%96%87%E5%8C%96%E6%9D%91%E9%80%9A%E3%82%8A%E5%BA%97/data=!4m2!3m1!1s0x60188ca983cf4b95:0xc0d6eaef3baff88c,,
CAFE & GARDEN Treduno,,https://www.google.com/maps/place/CAFE+%26+GARDEN+Treduno/data=!4m2!3m1!1s0x353e675545c764f7:0x70088947c81bde32,,
Cafe ASAN -カフェアサン-,,https://www.google.com/maps/place/Cafe+ASAN+-%E3%82%AB%E3%83%95%E3%82%A7%E3%82%A2%E3%82%B5%E3%83%B3-/data=!4m2!3m1!1s0x60188ea0bf437467:0xd68eaf96adec1f95,,
スターバックスコーヒー TSUTAYA新橋店,,https://www.google.com/maps/place/%E3%82%B9%E3%82%BF%E3%83%BC%E3%83%90%E3%83%83%E3%82%AF%E3%82%B9%E3%82%B3%E3%83%BC%E3%83%92%E3%83%BC+TSUTAYA%E6%96%B0%E6%A9%8B%E5%BA%97/data=!4m2!3m1!1s0x60188bea15d4a547:0x68679edbb7c04fea,,
BUNDAN COFFEE & BEER,,https://www.google.com/maps/place/BUNDAN+COFFEE+%26+BEER/data=!4m2!3m1!1s0x6018f3456ed23b47:0x5f1c02feed0a974b,,
TSUTAYA BOOKS Daikanyama,,https://www.google.com/maps/place/TSUTAYA+BOOKS+Daikanyama/data=!4m2!3m1!1s0x60188b4fbed0f881:0xd6f9dafad72a5ca9,,
Blue bottle coffee Aoyama Cafe,,https://www.google.com/maps/place/Blue+bottle+coffee+Aoyama+Cafe/data=!4m2!3m1!1s0x60188c9fd41452e9:0x47f0a0f583f9166c,,
STREAMER COFFEE COMPANY,,https://www.google.com/maps/place/STREAMER+COFFEE+COMPANY/data=!4m2!3m1!1s0x60188ca6ff85e627:0xe542e1ed245eb17d,,
Komeda Coffee Shibuya Miyamasuzaka top shop,,https://www.google.com/maps/place/Komeda+Coffee+Shibuya+Miyamasuzaka+top+shop/data=!4m2!3m1!1s0x60188b58bed2aff7:0x86cd089ddc8a9829,,
